part_number, part_name, qty, threshold_qty, dependencies, verified_date, alt_part_nums, search_parms, notes
217-6515, Falcon 500, 14, 0, None, 2022-01-08 18:47:33, None, 217-6515 Falcon 500 , 
15-697867, SRX Magnetic Encoder, 5, 0, None, 2022-01-08 01:37:05, None, 15-697867 SRX Magnetic Encoder , 
AM-3071, , 3, 0, None, 2022-01-08 01:40:43, None, AM-3071  , 
94669A311, Aluminum Unthreaded Spacer, 4.500 mm OD, 18 mm Long, for M3 Screw Size, 15, 0, None, 2022-01-08 01:40:05, None, 94669A311 Aluminum Unthreaded Spacer, 4.500 mm OD, 18 mm Long, for M3 Screw Size , 
92510A609, , 0, 0, None, None, None, 92510A609  , 
94669A128, , 0, 0, None, None, None, 94669A128  , 
94669A319, , 0, 0, None, None, None, 94669A319  , 
217-3875, 0.500" Hex ID x 1.125" OD x 0.313" WD (Flanged Bearing v2), 0, 0, None, None, None, 217-3875 0.500" Hex ID x 1.125" OD x 0.313" WD (Flanged Bearing v2) , 
217-3351, Bag Motor, 0, 0, None, None, None, 217-3351 Bag Motor , 
217-4006, Bearing, Flanged, 13.75mm (1/2" ThunderHex ID) x 1.125" OD x 0.313" WD, 0, 0, None, None, None, 217-4006 Bearing, Flanged, 13.75mm (1/2" ThunderHex ID) x 1.125" OD x 0.313" WD , 
217-5046, Versa Planetary Integrated Encoder, 0, 0, None, None, None, 217-5046 Versa Planetary Integrated Encoder , 
217-6919, 12T Steel Spur Gear (20 DP, Falcon Motor), 0, 0, None, None, None, 217-6919 12T Steel Spur Gear (20 DP, Falcon Motor) , 
217-4858, , 0, 0, None, None, None, 217-4858  , 
REV-21-1651, Neo 550 Brushless motor, 0, 0, None, None, None, REV-21-1651 Neo 550 Brushless motor , 
WCP-0176, 38t Steel Spur Gear (20 DP, 1/2" Hex Bore), 0, 0, None, None, None, WCP-0176 38t Steel Spur Gear (20 DP, 1/2" Hex Bore) , 
WCP-0185, 56t Pocketed Steel Spur Gear (20 DP, 1/2" Hex Bore) (WCP-0185), 0, 0, None, None, None, WCP-0185 56t Pocketed Steel Spur Gear (20 DP, 1/2" Hex Bore) (WCP-0185) , 
AVT-PP-35, Polypropylene Air Volume Tank, 0, 0, None, None, None, AVT-PP-35 Polypropylene Air Volume Tank , 
91864A028, Black-Oxide Alloy Steel Socket Head Screw 4-40 Thread Size, 9/16"" Long, 0, 0, None, None, None, 91864A028 Black-Oxide Alloy Steel Socket Head Screw 4-40 Thread Size, 9/16"" Long , 
92510A434, "Aluminum Unthreaded Spacer 3/8"" OD, 2-1/4"" Long, for Number 10 Screw Size", 0, 0, None, None, None, 92510A434 "Aluminum Unthreaded Spacer 3/8"" OD, 2-1/4"" Long, for Number 10 Screw Size" , 
90044A263, "Black-Oxide Alloy Steel Socket Head Screw 10-32 Thread Size, 7"" Long", 0, 0, None, None, None, 90044A263 "Black-Oxide Alloy Steel Socket Head Screw 10-32 Thread Size, 7"" Long" , 
91251A078, "Black-Oxide Alloy Steel Socket Head Screw 4-40 Thread Size, 1-1/4"" Long", 0, 0, None, None, None, 91251A078 "Black-Oxide Alloy Steel Socket Head Screw 4-40 Thread Size, 1-1/4"" Long" , 
97447A130, "Aluminum Blind Rivets with Aluminum Mandrel Domed Head,  1/8"" Diameter, for 0.313""- 0.375"" Material Thicknes. Pack of 250", 0, 0, None, None, None, 97447A130 "Aluminum Blind Rivets with Aluminum Mandrel Domed Head,  1/8"" Diameter, for 0.313""- 0.375"" Material Thicknes. Pack of 250" , 
1691T73, "Impact-Resistant Compact Tie Rod Air Cylinder Round Face, Double Acting, 1/2"" Bore, 1/2"" Stroke Length", 0, 0, None, None, None, 1691T73 "Impact-Resistant Compact Tie Rod Air Cylinder Round Face, Double Acting, 1/2"" Bore, 1/2"" Stroke Length" , 
91251A907, "Black-Oxide Alloy Steel Socket Head Screw 10-32 Thread Size, 6"" Long", 0, 0, None, None, None, 91251A907 "Black-Oxide Alloy Steel Socket Head Screw 10-32 Thread Size, 6"" Long" , 
92510A650, "Aluminum Unthreaded Spacer 3/8"" OD, 1-1/4"" Long, for Number 10 Screw Size", 0, 0, None, None, None, 92510A650 "Aluminum Unthreaded Spacer 3/8"" OD, 1-1/4"" Long, for Number 10 Screw Size" , 
93330A473, Female Threaded Round Standoff, Aluminum, 1/4" OD, 2" Long, 6-32 Thread Size, 0, 0, None, None, None, 93330A473 Female Threaded Round Standoff, Aluminum, 1/4" OD, 2" Long, 6-32 Thread Size , 
98075A143, Rivet Studs 1/4"-20 Thread, for 0.027"-0.165" Material Thickness, 0, 0, None, None, None, 98075A143 Rivet Studs 1/4"-20 Thread, for 0.027"-0.165" Material Thickness , 
90480A195, 10-32 Nut, 0, 0, None, None, None, 90480A195 10-32 Nut , 
91259A103, , 0, 0, None, None, None, 91259A103  , 
474487, , 0, 0, None, None, None, 474487  , 
474489, , 0, 0, None, None, None, 474489  , 
6C200R25AP, , 0, 0, None, None, None, 6C200R25AP  , 
474491, , 0, 0, None, None, None, 474491  , 
91251A199, "Black-Oxide Alloy Steel Socket Head Screw 8-32 Thread Size, 1"" Long", 0, 0, None, None, None, 91251A199 "Black-Oxide Alloy Steel Socket Head Screw 8-32 Thread Size, 1"" Long" , 
91251A155, "Black-Oxide Alloy Steel Socket Head Screw 6-32 Thread Size, 1-1/4"" Long, Partially Threaded", 0, 0, None, None, None, 91251A155 "Black-Oxide Alloy Steel Socket Head Screw 6-32 Thread Size, 1-1/4"" Long, Partially Threaded" , 
91251A287, "Black-Oxide Alloy Steel Socket Head Screw 10-32 Thread Size, 1-5/8"" Long", 0, 0, None, None, None, 91251A287 "Black-Oxide Alloy Steel Socket Head Screw 10-32 Thread Size, 1-5/8"" Long" , 
91251A337, "Black-Oxide Alloy Steel Socket Head Screw 10-32 Thread Size, 5/16"" Long", 0, 0, None, None, None, 91251A337 "Black-Oxide Alloy Steel Socket Head Screw 10-32 Thread Size, 5/16"" Long" , 
217-3496, , 0, 0, None, None, None, 217-3496  , 
90631A007, Low-Strength Steel Nylon-Insert Locknut Zinc-Plated, 6-32 Thread Size, 0, 0, None, None, None, 90631A007 Low-Strength Steel Nylon-Insert Locknut Zinc-Plated, 6-32 Thread Size , 
AM-0546, SB50 APP Connector with Contacts, 3, 0, None, 2022-01-08 01:39:55, None, AM-0546 SB50 APP Connector with Contacts , 
AM-4600, 2022 Cargo Ball, 0, 0, None, None, None, AM-4600 2022 Cargo Ball , 
ES17-12, , 0, 0, None, None, None, ES17-12  , 
6075K15, "Flat Belting 1"" Wide", 0, 0, None, None, None, 6075K15 "Flat Belting 1"" Wide" , 
5234K94, , 0, 0, None, None, None, 5234K94  , 
9/16"" Long", 0, 0, 0, None, None, None, 9/16"" Long" 0 , 
2-1/4"" Long,  for Number 10 Screw Size", 0, 0, None, None, None, 2-1/4"" Long  for Number 10 Screw Size" , 
7"" Long", 12, 0, 0, None, None, None, 7"" Long" 12 , 
1-1/4"" Long", 0, 0, 0, None, None, None, 1-1/4"" Long" 0 , 
for 0.313""- 0.375"" Material Thicknes. Pack of 250", 6, 0, 0, None, None, None, for 0.313""- 0.375"" Material Thicknes. Pack of 250" 6 , 
Double Acting,  1/2"" Bore,  1/2"" Stroke Length", 0, None, None, None, Double Acting  1/2"" Bore , 
6"" Long", 6, 0, 0, None, None, None, 6"" Long" 6 , 
1-1/4"" Long,  for Number 10 Screw Size", 0, 0, None, None, None, 1-1/4"" Long  for Number 10 Screw Size" , 
490 633, , 0, 0, None, None, None, 490 633  , 
B84CM, , 0, 0, None, None, None, B84CM  , 
1"" Long", 91, 0, 0, None, None, None, 1"" Long" 91 , 
T395993, , 0, 0, None, None, None, T395993  , 
T390895, , 0, 0, None, None, None, T390895  , 
T395353, , 0, 0, None, None, None, T395353  , 
T397941, , 0, 0, None, None, None, T397941  , 
T395443, , 0, 0, None, None, None, T395443  , 
1-5/8"" Long", 12, 0, 0, None, None, None, 1-5/8"" Long" 12 , 
5/16"" Long", 87, 0, 0, None, None, None, 5/16"" Long" 87 , 
217-6706, , 0, 0, None, None, None, 217-6706  , 
91259A544, "Alloy Steel Shoulder Screw,  1/4"" Shoulder Diameter, 0, None, None, None, 91259A544 "Alloy Steel Shoulder Screw , 
33785T45, Square shape threaded connecting link, 0, 0, None, None, None, 33785T45 Square shape threaded connecting link , 
3961T2, "Long-Lasting Polyurethane Cord 1/4"" Diameter", 0, 0, None, None, None, 3961T2 "Long-Lasting Polyurethane Cord 1/4"" Diameter" , 
97431A330, , 0, 0, None, None, None, 97431A330  , 
90630A110, "High-Strength Steel Nylon-Insert Locknut,  Grade 8, 0, None, None, None, 90630A110 "High-Strength Steel Nylon-Insert Locknut , 
91251A342, "Black-Oxide Alloy Steel Socket Head Screw,  10-32 Thread Size, 0, None, None, None, 91251A342 "Black-Oxide Alloy Steel Socket Head Screw , 
91290A306, "Black-Oxide Alloy Steel Socket Head Screw,  M4 x 0.7 mm Thread, 0, None, None, None, 91290A306 "Black-Oxide Alloy Steel Socket Head Screw , 
2"" Shoulder Length,  5/16""-18 Thread", 0, 0, None, None, None, 2"" Shoulder Length  5/16""-18 Thread" , 
91251A148, "Black-Oxide Alloy Steel Socket Head Screw 6-32 Thread Size,  1/2"" Long", 0, None, None, None, 91251A148 "Black-Oxide Alloy Steel Socket Head Screw 6-32 Thread Size , 
91251A150, "Black-Oxide Alloy Steel Socket Head Screw,  6-32 Thread Size, 0, None, None, None, 91251A150 "Black-Oxide Alloy Steel Socket Head Screw , 
91251A360, "Black-Oxide Alloy Steel Socket Head Screw,  10-32 Thread Size, 0, None, None, None, 91251A360 "Black-Oxide Alloy Steel Socket Head Screw , 
94105A828, "Alloy Steel Flat-Tip Set Screws Black Oxide,  10-32 Thread, 0, None, None, None, 94105A828 "Alloy Steel Flat-Tip Set Screws Black Oxide , 
5/8"" Long", 94, 0, 0, None, None, None, 5/8"" Long" 94 , 
91253A003, "Alloy Steel Flathead socket cap screw. 1/2"" long", 95, 0, None, None, None, 91253A003 "Alloy Steel Flathead socket cap screw. 1/2"" long" , 
1/4"" Long", 34, 0, 0, None, None, None, 1/4"" Long" 34 , 
91251A353, "Black-Oxide Alloy Steel Socket Head Screw,  10-32 Thread Size, 0, None, None, None, 91251A353 "Black-Oxide Alloy Steel Socket Head Screw , 
6498K636, "Round Body Air Cylinder,  Double-Acting, 0, None, None, None, 6498K636 "Round Body Air Cylinder , 
0, , 0, 0, None, None, None, 0  , 
91253A269, Alloy steel socket cap screw 10-32. 5 pack, 3, 0, None, None, None, 91253A269 Alloy steel socket cap screw 10-32. 5 pack , 
1-3/16"" Long,  for Number 10 Screw Size", 0, 0, None, None, None, 1-3/16"" Long  for Number 10 Screw Size" , 
91125A037, "Female Threaded Round Standoff,  18-8 Stainless Steel, 0, None, None, None, 91125A037 "Female Threaded Round Standoff , 
2"" Long,  for Number 10 Screw Size", 0, 0, None, None, None, 2"" Long  for Number 10 Screw Size" , 
1"" Long,  for Number 10 Screw Size", 0, 0, None, None, None, 1"" Long  for Number 10 Screw Size" , 
92510A647, "brake plate standoff 3/4"" 3/8"" OD close fit 10-32", 0, 0, None, None, None, 92510A647 "brake plate standoff 3/4"" 3/8"" OD close fit 10-32" , 
91259A581, "Alloy Steel Shoulder Screw,  5/16"" Shoulder Diameter, 0, None, None, None, 91259A581 "Alloy Steel Shoulder Screw , 
90631A005, "Low-Strength Steel Nylon-Insert Locknut Zinc-Plated,  4-40 Thread Size", 0, None, None, None, 90631A005 "Low-Strength Steel Nylon-Insert Locknut Zinc-Plated , 
6130K33, "Ultra-Precision Ball Joint Rod End,  1/4""-28 Internal Thread", 0, None, None, None, 6130K33 "Ultra-Precision Ball Joint Rod End , 
91286A123, , 0, 0, None, None, None, 91286A123  , 
9271K182, "Torsion Spring 180 Degree Left-Hand Wound,  0.404"" OD", 0, None, None, None, 9271K182 "Torsion Spring 180 Degree Left-Hand Wound , 
9271K181, "Torsion Spring 180 Degree Right-Hand Wound,  0.404"" OD", 0, None, None, None, 9271K181 "Torsion Spring 180 Degree Right-Hand Wound , 
92012A546, "Alloy Steel Precision Shoulder Screw,  1/4"" Shoulder Diameter, 0, None, None, None, 92012A546 "Alloy Steel Precision Shoulder Screw , 
91259A628, "Alloy Steel Shoulder Screw,  3/8"" Shoulder Diameter, 0, None, None, None, 91259A628 "Alloy Steel Shoulder Screw , 
91255A192, "Button Head Hex Drive Screw Black-Oxide Alloy Steel,  8-32 Thread, 0, None, None, None, 91255A192 "Button Head Hex Drive Screw Black-Oxide Alloy Steel , 
10-32 Thread,  3/4"" Long", 97, 0, None, None, None, 10-32 Thread  3/4"" Long" , 
91251A344, "Black-Oxide Alloy Steel Socket Head Screw,  10-32 Thread Size, 0, None, None, None, 91251A344 "Black-Oxide Alloy Steel Socket Head Screw , 
91251A356, "Black-Oxide Alloy Steel Socket Head Screw,  10-32 Thread Size, 0, None, None, None, 91251A356 "Black-Oxide Alloy Steel Socket Head Screw , 
90044A523, 10-32 2 1/4 in screw, 0, 0, None, None, None, 90044A523 10-32 2 1/4 in screw , 
91286A113, "High-Strength Grade 8 Steel Hex Head Screw,  Zinc-Aluminum Coated, 0, None, None, None, 91286A113 "High-Strength Grade 8 Steel Hex Head Screw , 
3/8"" Long", 0, 0, 0, None, None, None, 3/8"" Long" 0 , 
95505A601, "Medium-Strength Steel Hex Nut,  Grade 5, 0, None, None, None, 95505A601 "Medium-Strength Steel Hex Nut , 
91251A345, "Black-Oxide Alloy Steel Socket Head Screw,  10-32 Thread Size, 0, None, None, None, 91251A345 "Black-Oxide Alloy Steel Socket Head Screw , 
2-3/4"" Long,  Partially Threaded", 14, 0, None, None, None, 2-3/4"" Long  Partially Threaded" , 
97526A130, "Domed Head Blind Rivets 1/8"" Diameter,  for 0.188""-0.25"" Material Thickness. 250 pack", 0, None, None, None, 97526A130 "Domed Head Blind Rivets 1/8"" Diameter , 
E18-D80NK, , 0, 0, None, None, None, E18-D80NK  , 
BRG-0001, Swyft Bearing, 0, 0, None, None, None, BRG-0001 Swyft Bearing , 
am-3480, "4in Compliant Wheels 60A Durometer (Black) 1/2"" Hex", 0, 0, None, None, None, am-3480 "4in Compliant Wheels 60A Durometer (Black) 1/2"" Hex" , 
2020-1073-006-100, FLYWHEEL TUBE, 0, 0, None, None, None, 2020-1073-006-100 FLYWHEEL TUBE , 
2020-1073-006-106, WHEEL RETAINING RING, 0, 0, None, None, None, 2020-1073-006-106 WHEEL RETAINING RING , 
93330A463, , 0, 0, None, None, None, 93330A463  , 
91125A044, , 0, 0, None, None, None, 91125A044  , 
R3-ZZ PRX, "R3-ZZ PRX bearing,  miniture ball", 0, None, None, None, R3-ZZ PRX "R3-ZZ PRX bearing , 
R4A-ZZ-PRX, , 0, 0, None, None, None, R4A-ZZ-PRX  , 
474485, R2-ZZ bearing, 8, 0, None, None, None, 474485 R2-ZZ bearing , 
93330A542, , 0, 0, None, None, None, 93330A542  , 
2020-1073-005-001, , 0, 0, None, None, None, 2020-1073-005-001  , 
COM-13716, Sparkfun FemtoBuck LED Driver, 0, 0, None, None, None, COM-13716 Sparkfun FemtoBuck LED Driver , 
SEN-15325, Open MV Camera, 0, 0, None, None, None, SEN-15325 Open MV Camera , 
2020-1073-005-073, , 0, 0, None, None, None, 2020-1073-005-073  , 
2020-1073-005-094, , 0, 0, None, None, None, 2020-1073-005-094  , 
2020-1073-005-033, , 0, 0, None, None, None, 2020-1073-005-033  , 
2020-1073-005-069, , 0, 0, None, None, None, 2020-1073-005-069  , 
2020-1073-005-057, , 0, 0, None, None, None, 2020-1073-005-057  , 
19-676768, CTR Cancoder, 10, 0, None, None, None, 19-676768 CTR Cancoder , 
217-4973, , 0, 0, None, None, None, 217-4973  , 
2020-1073-005-072, , 0, 0, None, None, None, 2020-1073-005-072  , 
2020-1073-005-055, , 0, 0, None, None, None, 2020-1073-005-055  , 
2020-1073-005-002, , 0, 0, None, None, None, 2020-1073-005-002  , 
2020-1073-005-018, , 0, 0, None, None, None, 2020-1073-005-018  , 
2020-1073-005-015- Plate, Plate Weld Mount, 0, 0, None, None, None, 2020-1073-005-015- Plate Plate Weld Mount , 
217-2702, "20T Aluminum Spur Gear (20 DP,  1/2"" Hex Bore)", 0, None, None, None, 217-2702 "20T Aluminum Spur Gear (20 DP , 
217-2708, "40T Aluminum Spur Gear (20 DP,  1/2"" Hex Bore)", 0, None, None, None, 217-2708 "40T Aluminum Spur Gear (20 DP , 
217-2710, "44T Aluminum Spur Gear (20DP,  1/2"" Hex Bore)", 0, None, None, None, 217-2710 "44T Aluminum Spur Gear (20DP , 
217-5475, "58T Aluminum Spur Gear (20 DP,  1/2"" Hex Bore)", 0, None, None, None, 217-5475 "58T Aluminum Spur Gear (20 DP , 
217-2642, "16T Aluminum Hub Sprocket (#25 Chain,  1/2"" Hex Bore)", 0, None, None, None, 217-2642 "16T Aluminum Hub Sprocket (#25 Chain , 
217-6368, "8T Steel Spur Gear (20 DP,  10T Center Distance, 0, None, None, None, 217-6368 "8T Steel Spur Gear (20 DP , 
217-2648, "42T Sprocket plate (#35 Chain,  1/2"" Hex Bore)", 0, None, None, None, 217-2648 "42T Sprocket plate (#35 Chain , 
217-5844, "15T Sprocket hub (#35 Chain,  1/2"" Hex Bore)", 0, None, None, None, 217-5844 "15T Sprocket hub (#35 Chain , 
217-3211, "34T Gear (3/8"" Hex Bore)", 1, 0, None, None, None, 217-3211 "34T Gear (3/8"" Hex Bore)" , 
217-2706, "34T Gear (1/2"" Hex Bore)", 2, 0, None, None, None, 217-2706 "34T Gear (1/2"" Hex Bore)" , 
217-3212, "34T Gear,  Ball shifter w/ bushing", 0, None, None, None, 217-3212 "34T Gear , 
217-3417, "40T dog gear,  1/2"" bearing", 0, None, None, None, 217-3417 "40T dog gear , 
217-5866, "40T Steel Spur Gear (32 DP,  3/8"" Hex Bore)", 0, None, None, None, 217-5866 "40T Steel Spur Gear (32 DP , 
217-5859, "12T Steel Spur Gear (32 DP,  RS775 Motor)", 0, None, None, None, 217-5859 "12T Steel Spur Gear (32 DP , 
217-6958, Falcon Motor Short Shaft, 6, 0, None, None, None, 217-6958 Falcon Motor Short Shaft , 
217-5994, , 0, 0, None, None, None, 217-5994  , 
217-2733, "0.375"" ID x 0.875"" OD x 0.280"" WD (Flanged Bearing)", 2, 0, None, None, None, 217-2733 "0.375"" ID x 0.875"" OD x 0.280"" WD (Flanged Bearing)" , 
217-3239, "0.375"" ID x 0.875"" OD x 0.281"" WD (Radial Bearing)", 0, 0, None, None, None, 217-3239 "0.375"" ID x 0.875"" OD x 0.281"" WD (Radial Bearing)" , 
217-5861, "20T Steel Spur Gear (32 DP,  3/8"" Hex Bore)", 0, None, None, None, 217-5861 "20T Steel Spur Gear (32 DP , 
217-3229, "30T x 9mm Wide Double Flange Aluminum Pulley (HTD 5mm,  1/2” Hex Bore), 0, None, None, None, 217-3229 "30T x 9mm Wide Double Flange Aluminum Pulley (HTD 5mm , 
2, , 0, 0, None, None, None, 2  , 
217-3227, 24t 9mm 1/2 in hex pulley, 0, 0, None, None, None, 217-3227 24t 9mm 1/2 in hex pulley , 
217-3225, "18T x 9mm Wide Double Flange Aluminum Pulley (HTD 5mm,  1/2” Hex Bore)", 0, None, None, None, 217-3225 "18T x 9mm Wide Double Flange Aluminum Pulley (HTD 5mm , 
217-2820, 10:01, 0, 0, None, None, None, 217-2820 10:01 , 
217-2816, Versa Gearbox Ring Gear Stage, 0, 0, None, None, None, 217-2816 Versa Gearbox Ring Gear Stage , 
217-6473, Versaplanetary v2 Base Kit 1:1 Universal Female Output Shaft, 0, 0, None, None, None, 217-6473 Versaplanetary v2 Base Kit 1:1 Universal Female Output Shaft , 
217-3436, WCP Side Bearing Block Kit, 0, 0, None, None, None, 217-3436 WCP Side Bearing Block Kit , 
217-2731, "0.500"" ID x 1.125"" OD x 0.313"" WD (Flanged Bearing) FR8ZZ", 59, 0, None, None, None, 217-2731 "0.500"" ID x 1.125"" OD x 0.313"" WD (Flanged Bearing) FR8ZZ" , 
CON-0002, , 0, 0, None, None, None, CON-0002  , 
CON-0003, , 0, 0, None, None, None, CON-0003  , 
CON-0005, , 0, 0, None, None, None, CON-0005  , 
CON-0006, , 0, 0, None, None, None, CON-0006  , 
CON-0007, , 0, 0, None, None, None, CON-0007  , 
CON-0008, , 0, 0, None, None, None, CON-0008  , 
CON-0009, , 0, 0, None, None, None, CON-0009  , 
JCB-0004, , 0, 0, None, None, None, JCB-0004  , 
JCB-0002, PCM JST Board, 0, 0, None, None, None, JCB-0002 PCM JST Board , 
PQ-PG08, , 0, 0, None, None, None, PQ-PG08  , 
REV-11-2158, Spark Max, 0, 0, None, None, None, REV-11-2158 Spark Max , 
am-3155, 2 in stealth wheels, 0, 0, None, None, None, am-3155 2 in stealth wheels , 
IFB-10010, , 0, 0, None, None, None, IFB-10010  , 
17-846567, , 0, 0, None, None, None, 17-846567  , 
855PB-B12ME522, , 0, 0, None, None, None, 855PB-B12ME522  , 
am-3082_wire, , 0, 0, None, None, None, am-3082_wire  , 
14-886867, , 0, 0, None, None, None, 14-886867  , 
am-3162, , 0, 0, None, None, None, am-3162  , 
16-737785, Pigeon IMU, 2, 0, None, None, None, 16-737785 Pigeon IMU , 
217-3489, "0.250"" ID x 0.500"" OD x 0.188"" WD (Radial Bearing)", 4, 0, None, None, None, 217-3489 "0.250"" ID x 0.500"" OD x 0.188"" WD (Radial Bearing)" , 
217-4002, "Hex,  1/2"" Thunderhex stock 18 inches", 0, None, None, None, 217-4002 "Hex , 
217-5875, "24T x 9mm Wide Double Flange Aluminum Pulley (GT2 3mm,  1/2"" Hex Bore)", 0, None, None, None, 217-5875 "24T x 9mm Wide Double Flange Aluminum Pulley (GT2 3mm , 
217-5885, 70T X 9nn Wide Timing Belt GT2 3mm, 6, 0, None, None, None, 217-5885 70T X 9nn Wide Timing Belt GT2 3mm , 
217-6626, "1/32"" Gray Tinted Polycarbonate Sheet (36"" x 72"")", 0, 0, None, None, None, 217-6626 "1/32"" Gray Tinted Polycarbonate Sheet (36"" x 72"")" , 
217-6627, "1/16"" Gray Tinted Polycarbonate Sheet (36"" x 72"")", 0, 0, None, None, None, 217-6627 "1/16"" Gray Tinted Polycarbonate Sheet (36"" x 72"")" , 
1"" Thread Length", 0, 0, 0, None, None, None, 1"" Thread Length" 0 , 
3014T902, "Steel Eyebolt with Shoulder - for Lifting 1/4""-20 Thread Size,  3"" Thread Length", 0, None, None, None, 3014T902 "Steel Eyebolt with Shoulder - for Lifting 1/4""-20 Thread Size , 
3499T110_SS, "Hanging Pulley for Rope-for Horizontal Pulling Single-Groove,  Swivel Eye, 0, None, None, None, 3499T110_SS "Hanging Pulley for Rope-for Horizontal Pulling Single-Groove , 
1-1/4"" OD", 0, 0, 0, None, None, None, 1-1/4"" OD" 0 , 
57155K321, "Stainless Steel Ball Bearing,  Flanged, 0, None, None, None, 57155K321 "Stainless Steel Ball Bearing , 
5972K159, "Ball Bearing,  Shielded, 0, None, None, None, 5972K159 "Ball Bearing , 
60355K41, "Ball Bearing,  Shielded, 0, None, None, None, 60355K41 "Ball Bearing , 
60645K321, "Ball Joint Rod End,  1/4""-28 Thread, 0, None, None, None, 60645K321 "Ball Joint Rod End , 
8585K205, "1-1/4"""" OD,  1-1/8"""" ID, 0, None, None, None, 8585K205 "1-1/4"""" OD , 
90295A320, Nylon Washers, 0, 0, None, None, None, 90295A320 Nylon Washers , 
91251A077, "Black-Oxide Alloy Steel Socket Head Screw,  2-56 Thread Size, 0, None, None, None, 91251A077 "Black-Oxide Alloy Steel Socket Head Screw , 
912841A003, , 0, 0, None, None, None, 912841A003  , 
3/8"" OD,  3/4"" Long,  10-32 Thread Size", 0, None, None, None, 3/8"" OD  3/4"" Long , 
97345A251, "316 Stainless Steel Shoulder Screw 3/8"" Shoulder Diameter,  2"" Shoulder Length, 0, None, None, None, 97345A251 "316 Stainless Steel Shoulder Screw 3/8"" Shoulder Diameter , 
98381A556, "Dowel Pin 4037 Alloy Steel,  1/4"" Diameter, 0, None, None, None, 98381A556 "Dowel Pin 4037 Alloy Steel , 
90631A411, "Low-Strength Steel Nylon-Insert Locknut,  Zinc-Plated, 0, None, None, None, 90631A411 "Low-Strength Steel Nylon-Insert Locknut , 
am-1250, "screws for hex hub for 6"" wheel", 24, 0, None, None, None, am-1250 "screws for hex hub for 6"" wheel" , 
am-2469h, "half hub for 6"" wheel", 8, 0, None, None, None, am-2469h "half hub for 6"" wheel" , 
am-4124, hex hub insert, 4, 0, None, None, None, am-4124 hex hub insert , 
91841A003, , 0, 0, None, None, None, 91841A003  , 
WCP-0047, wheel tires, 0, 0, None, None, None, WCP-0047 wheel tires , 
FDPT.625*.75*24, "Carbon Fiber Roll Wrapped Twill Tube ~ 0.625"" ID x 24"",  Gloss Finish", 0, None, None, None, FDPT.625*.75*24 "Carbon Fiber Roll Wrapped Twill Tube ~ 0.625"" ID x 24"" , 
FDPT.875*1.0*24, "Carbon Fiber Roll Wrapped Twill Tube ~ 0.875"" ID x 24"",  Gloss Finish", 0, None, None, None, FDPT.875*1.0*24 "Carbon Fiber Roll Wrapped Twill Tube ~ 0.875"" ID x 24"" , 
FDPT1.125*1.25*24, "Carbon Fiber Roll Wrapped Twill Tube ~ 1.125"" ID x 24"",  Gloss Finish", 0, None, None, None, FDPT1.125*1.25*24 "Carbon Fiber Roll Wrapped Twill Tube ~ 1.125"" ID x 24"" , 
FDPT1.375*1.5*24, "Carbon Fiber Roll Wrapped Twill Tube ~ 1.375"" ID x 24"",  Gloss Finish", 0, None, None, None, FDPT1.375*1.5*24 "Carbon Fiber Roll Wrapped Twill Tube ~ 1.375"" ID x 24"" , 
B076PG87CK, Piscifun Onyx Braided Fishing Line 6lb-150lb Superline Abrasion Resistant Braided Lines Super Strong High Performance PE Fishing Lines, 0, 0, None, None, None, B076PG87CK Piscifun Onyx Braided Fishing Line 6lb-150lb Superline Abrasion Resistant Braided Lines Super Strong High Performance PE Fishing Lines , 
COM-13185, Green LED, 0, 0, None, None, None, COM-13185 Green LED , 
855PBB12ME522, Robot Signal Light, 0, 0, None, None, None, 855PBB12ME522 Robot Signal Light , 
AM-0282, 120a Circuit Breaker, 0, 0, None, None, None, AM-0282 120a Circuit Breaker , 
AM-2005, Pneumatic Compressor, 0, 0, None, None, None, AM-2005 Pneumatic Compressor , 
91223A322, "316 Stainless Steel Ultra-Low-Profile Socket Head Screw,  8-32 Thread Size, 0, None, None, None, 91223A322 "316 Stainless Steel Ultra-Low-Profile Socket Head Screw , 
8, , 0, 0, None, None, None, 8  , 
31-LHS-8C-50, "Ultra-Low-Profile Socket Head Screw,  8-32 Thread Size, 0, None, None, None, 31-LHS-8C-50 "Ultra-Low-Profile Socket Head Screw , 
13, , 0, 0, None, None, None, 13  , 
PRU14, "NITRA pneumatic push-to-connect inline pressure regulator,  technopolymer body, 0, None, None, None, PRU14 "NITRA pneumatic push-to-connect inline pressure regulator , 
PGU14, "NITRA pneumatic push-to-connect inline pressure gauge,  technopolymer body, 0, None, None, None, PGU14 "NITRA pneumatic push-to-connect inline pressure gauge , 
14-1/2"" Long,  Black", 0, 0, None, None, None, 14-1/2"" Long  Black" , 
97431A340, "Side-Mount External Retaining Rings for 1/2"" OD,  Black-Phosphate 1060-1090 Spring Steel", 0, None, None, None, 97431A340 "Side-Mount External Retaining Rings for 1/2"" OD , 
92620A537, "Zinc Yellow-Chromate Plated Hex Head Screw,  Grade 8 Steel, 0, None, None, None, 92620A537 "Zinc Yellow-Chromate Plated Hex Head Screw , 
90630A115, "High-Strength Steel Nylon-Insert Locknut,  Grade 8, 0, None, None, None, 90630A115 "High-Strength Steel Nylon-Insert Locknut , 
Trade No. T5-400-10", 0, 0, 0, None, None, None, Trade No. T5-400-10" 0 , 
91831A002, "18-8 Stainless Steel Nylon-Insert Locknut,  2-56 Thread Size", 0, None, None, None, 91831A002 "18-8 Stainless Steel Nylon-Insert Locknut , 
90298A630, "18-8 Stainless Steel Shoulder Screw,  3/8"" Shoulder Diameter, 0, None, None, None, 90298A630 "18-8 Stainless Steel Shoulder Screw , 
2342K163, "Permanently Lubricated Ball Bearing,  Open, 0, None, None, None, 2342K163 "Permanently Lubricated Ball Bearing , 
2342K164, "Permanently Lubricated Ball Bearing,  Open, 0, None, None, None, 2342K164 "Permanently Lubricated Ball Bearing , 
6435K12, "Clamping Shaft Collar for 1/4"" Diameter,  Black-Oxide 1215 Carbon Steel", 0, None, None, None, 6435K12 "Clamping Shaft Collar for 1/4"" Diameter , 
90044A118, "Black-Oxide Alloy Steel Socket Head Screw,  10-32 Thread Size, 0, None, None, None, 90044A118 "Black-Oxide Alloy Steel Socket Head Screw , 
21, , 0, 0, None, None, None, 21  , 
91831A411, "18-8 Stainless Steel Nylon-Insert Locknut,  10-32 Thread Size, 0, None, None, None, 91831A411 "18-8 Stainless Steel Nylon-Insert Locknut , 
100, , 0, 0, None, None, None, 100  , 
92196A179, "18-8 Stainless Steel Socket Head Screw,  8-32 Thread Size, 0, None, None, None, 92196A179 "18-8 Stainless Steel Socket Head Screw , 
90044A119, "Black-Oxide Alloy Steel Socket Head Screw,  10-32 Thread Size, 0, None, None, None, 90044A119 "Black-Oxide Alloy Steel Socket Head Screw , 
92949A837, "18-8 Stainless Steel Button Head Hex Drive Screw,  1/4""-20 Thread Size, 0, None, None, None, 92949A837 "18-8 Stainless Steel Button Head Hex Drive Screw , 
91831A009, "18-8 Stainless Steel Nylon-Insert Locknut,  8-32 Thread Size", 0, None, None, None, 91831A009 "18-8 Stainless Steel Nylon-Insert Locknut , 
91251A079, "Black-Oxide Alloy Steel Socket Head Screw,  2-56 Thread Size, 0, None, None, None, 91251A079 "Black-Oxide Alloy Steel Socket Head Screw , 
9271K677, "Torsion Spring,  180 Degree Right-Hand Wound, 0, None, None, None, 9271K677 "Torsion Spring , 
9271K612, "Torsion Spring,  180 Degree Left-Hand Wound, 0, None, None, None, 9271K612 "Torsion Spring , 
276-4858, VEX Bumper Switch, 0, 0, None, None, None, 276-4858 VEX Bumper Switch , 
217-2952, SMC SS5Y3-41-04-N7T 4 Station Base Mount, 0, 0, None, None, None, 217-2952 SMC SS5Y3-41-04-N7T 4 Station Base Mount , 
217-3636, PTO add-on kit. Power take off. WCP, 6, 0, None, None, None, 217-3636 PTO add-on kit. Power take off. WCP , 
217-3635, "Output shaft,  standard WCP", 0, None, None, None, 217-3635 "Output shaft , 
217-5881, 45T x 9mm Wide Timing Belt (GT2 3mm), 1, 0, None, None, None, 217-5881 45T x 9mm Wide Timing Belt (GT2 3mm) , 
1128930, "Screw,  machine pan philip 8-32 x 3  ", 0, None, None, None, 1128930 "Screw , 
2621, Hex Lock nut w/ nylon insert. Size 8-32. Nylock, 56, 0, None, None, None, 2621 Hex Lock nut w/ nylon insert. Size 8-32. Nylock , 
1-THN-8C, Thin nylon insert nuts 8-32, 90, 0, None, None, None, 1-THN-8C Thin nylon insert nuts 8-32 , 
